C�DIGO,DESCRIPCI�N,,,A�O,LADO,ARRIBA,MEDIO,ABAJO,COSTADO
1000,TOYOTA STOUT- HILUX- MOSQUITO DOBLE Y CAB. SENCILLA,1980,1985,80-85,B,117,61.5,141,56
1000,TOYOTA STOUT- HILUX- MOSQUITO DOBLE Y CAB. SENCILLA,1985,1989,85-89,,118,63.5,141,59
1000,TOYOTA STOUT- HILUX- MOSQUITO DOBLE Y CAB. SENCILLA,1990,1996,90-96,B,115,65,139,62
1000,TOYOTA LAND CRUSIER CAMIONETA TIPO Y.P.F.B.,1984,1996,84-96,B,127,53,140,52
1000,TOYOTA LAND CRUSIER JEEP TIPO Y.P.F.B.,1984,1996,84-96,B,127,60,142,60
1000,TOYOTA LAND CRUSIER VAGONETA 4 PUERTAS/GOMA,1981,1989,81-89,A,132,63.5,155,59
1000,TOYOTA LAND CRUSIER VAGONETA 4 PUERTAS/GOMA,1990,1997,90-97,,124,67,151,63
1000,TOYOTA HIACE MINIBUS C/GOMA,1980,1983,80-83,,127,69,147,62
1000,TOYOTA HIACE MINIBUS C/GOMA,1984,1989,84-89,B,131,82,152,78
1000,TOYOTA HIACE MINIBUS JUMBO LOBO C/GOMA,1989,1994,89-94,A,130,78,151,73
1000,TOYOTA COROLLA DX 4 PUERTAS VAGONETA Y AUTO,1978,1987,78-87,B,106,65,136,64
1000,TOYOTA COROLLA 4 PUERTAS  AUTO Y 2 PUERTAS /PEGADO,1985,1987,85-87,A,110,70,143,68
1000,TOYOTA COROLLA DEPORTIVO SR 2 PUERTAS,1985,1987,85-87,,105,69.5,140,68
1000,TOYOTA COROLLA 4 PUERTAS AUTO,1985,1987,85-87,,105,78,140,74
1000,TOYOTA AUTO 2 PUERTAS FX,1987,1991,87-91,,109,78,145,74
1000,TOYOTA COROLLA 4 PUERTAS VAGONETA,1987,1991,87-91,,109,78,145,74
1000,TOYOTA COROLLA II-CORSA-TERCEL 4 PUERTAS,1986,1988,86-88,A,101,78.5,139,76
1000,TOYOTA CORONA 4 PUERTAS AUTO,1985,1985,85,,111,68,142,
1000,TOYOTA CORONA 4 PUERTAS AUTO VAGONETA,1988,1991,88-91,A,109,77.5,146,78
1000,TOYOTA CORONA LIF BACK 4 PUERTAS ,1978,1981,78-81,,110,64.5,139,60
1000,TOYOTA SPRINTER 4 PUERTAS,1985,1989,85-89,,110,74,143,71
1000,TOYOTA TERCEL 4 PUERTAS-CORSA-COROLLA II,1983,1987,83-87,A,107,69.5,139,
1000,TOYOTA CARINA 4 PUERTAS,1983,1986,83-86,,110,71,142,70
1000,TOYOTA COROLLA 4 PUERTAS AUTO DX,1992,1993,92-93,,110,71,143,73
1000,TOYOTA AUTO GL 4/P SPRINTER XF /PEGADO,1992,1995,92-95,A,110,78,142,77
1000,TOYOTA CELICA - SUPRA 32 PUERTAS GT /PEGADO,1987,1987,87,B,105,76,146,77
1000,TOYOTA COASTER MICRO,1970,1985,70-85,B,66.5,66.5,175,78
1000,TOYOTA CARINA CORONA VAGONETA Y AUTO,1987,1987,87,,110,71.5,142,68
1000,TOYOTA DYNA RUGO PEQUE�O 200-250,1984,1991,84-91,B,132,68.5,152,66
1000,TOYOTA LAND CRUISER PLANO JEEP CAMIONETA =P00068,1975,1984,75-84,,125,39,127,39
1000,TOYOTA RUNNER VAGONETA CAMIONETA VERSION USA SURF,1990,1996,90-96,,116,66,140,68.5
1000,TOYOTA RAV JEEP Y VAGONETA,1994,1994,94,A,110,74,147,66
1000,TOYOTA CROWN VAGONETA - AUTO,1990,1992,90-92,,111,74,147,66
1000,TOYOTA CHASSES AUTO 4 PUERTAS MARK II,1987,1989,87-89,A,116,76,148,54
1000,TOYOTA LITEACE MINIBUS /PEGADO,1993,1994,93-94,B,119,78,146,74
1000,TOYOTA TERCEL AUTO 2 PUERTAS =P00046,1988,1992,88-92,,106,80,139,71
1000,TOYOTA TOWNACE MINIBUS /PEGADO,1989,1993,89-93,A,119,81,147,75
1000,TOYOTA SRA AUTO 2 PUERTAS ,1990,1990,90,,102,81,140,
1000,TOYOTA LAND CRUISER PRADO VAGONETA JEEP,1996,1997,96-97,,126,66,150,36
1000,TOYOTA HILUX CAMIONETA T100 USA,1996,1997,96-97,B,130,70,158,67
1000,"TOYOTA RUNNER TACOMA CAMIONETA, HILUX CAMIONETA",1997,1998,97-98,B,114,67,138,64
1000,TOYOTA CRESIDA AUTO VAGONETA CROWN,1985,1985,85,A/B,112,67,148,76.5
1000,TOYOTA LITEACE MINIBUS /GOMA,1984,1984,84,B/A,119,67.5,138,64
1000,TOYOTA CELICA AUTO 2 PUERTAS /PEGADO,1980,1980,80,B/A,113,63,159,56
1000,TOYOTA CAMI�N TOYOTA,1977,1984,77-84,B/A,163,47,180,
1000,TOYOTA CROWN AUTO 4 PUERTAS/PEGADO- PUNTA ESQUINA 2 MEDIDAS,1987,1989,87-89,A/A,121,78,152,75
1000,"TOYOTA CARINA AUTO, VAGONETA 4 PUERTAS",1980,1982,80-82,B,107,65,139,62
1000,TOYOTA TERCEL CORSA COROLLA II WINDY AUTO/PEGADO =P00034,1990,1992,90-92,A,106,80,139,71
1000,TOYOTA HILUX RUNNER VERSI�N EE.UU./PEGADO,1985,1989,85-89,A,118,63,139,
1000,TOYOTA MRS AUTO 2 PUERTAS MR II /PEGADO,1985,1991,85-91,A/B,113,83,149,
1000,TOYOTA MINI CAMIONETA /GOMA,1985,1980,85,B,107,54,129,
1000,TOYOTA STARLET AUTO 4 PUERTAS Y 2 PUERTAS /PEGADO,1985,1988,85-88,B,102,71,134,70
1000,"TOYOTA TOWNACE MINIBUS /GOMA, PUNTA REDONDA",1900,1980,,B,118,67,139,63
1000,TOYOTA TOYOACE CAMIONETA /GOMA,1900,1980,,,,,,
1000,TOYOTA STARLET AUTO-VAGONETA TERCEL/GOMA =P00075,1980,1980,80,B,105,61,129,60
1000,"TOYOTA CHACES 4 PUERTAS AUTO, PUNTA REDONDA",1980,1980,80,A,120,,,
1000,"TOYOTA LEXUS AUTO 4PUERTAS/PEGADO, PUNTA REDONDA, LLEVA 2 TETONES ABAJO",1992,1992,92,A,113,80,149,75
1000,"TOYOTA CRESIDA MARK II, PUNTA REDONDA/PEGADO",1988,1988,88,A,113,83,150,72
1000,TOYOTA VISTA CAMRY AUTO 4PUERTAS,1985,1985,85,A/B/B,114,72,147,
1000,TOYOTA CORONA AUTO,1982,1982,82,,,,,
1000,"TOYOTA SPRINTER TERCEL CARIBE CIELO 4 PUERTAS, P/REDONDA/PEGADO",1989,1990,89-90,B,112,79,148,
1000,TOYOTA CARINA VAGONETA II,1988,1991,88-91,,,,,
1000,"TOYOTA COROLLA AUTO-VAGONETA 4 PUERTAS, P/REDONDA/PEGADO",1973,1976,73-76,A,111,59,135,grande
1000,"TOYOTA CRESSIDA 4 PUERTAS AUTO, P/REDONDA/PEGADO",1980,1980,80,A,113,72,150,
1000,TOYOTA MODEL F VAN-TOWNACE-MINIBUS /GOMA,1987,1987,87,B/A,117,73,143,
1000,"TOYOTA DYNA CAMIONETA, P/REDONDA/PEGADO",1977,1977,77,B/B/A,128,60.5,147,60
1000,TOYOTA COASTER MICRO BUS /GOMA,1993,1995,93-95,B,177,88.5,196.5,
1000,TOYOTA DYNA CAMIONETA GRANDE 300-350 /GOMA,1985,1993,85-93,A,162,70,182,66
1000,TOYOTA CELICA 83 /PEGADO,1983,1983,83,,,,,
1000,TOYOTA LAND CRUSIER BANDEIRANTE /GOMA =P00028,1995,1998,95-98,,129,41.5,129,41.5
1000,TOYOTA CELICA 2 PUERTAS MD. 76,1976,1976,76,A,,,,
1000,"TOYOTA CAMRY AUTO, ALETA LADO IZQUIERDO, P/ESQ. /PEGADO",1988,1990,88-90,A/A/B,110,83,143,
1000,TOYOTA COASTER 90 MICRO LAMINADO /GOMA,1983,1992,83-92,B,189,78,217,
1000,"TOYOTA CROWN AUTO 4 PUERTAS, PUNTA REDONDA/PEGADO",1978,1980,78-80,A,123,73,153,68
1000,TOYOTA CELICA SUPRA 2 PUERTAS /PEGADO,1982,1982,82,A/B,108.6,68,142,62
1000,TOYOTA TERCEL AUTO 4 PUERTAS/PEGADO,1995,1995,95,B,107,80.5,144,74.5
1000,TOYOTA TOYOTA TERCEL AUTO-VAGONETA 4 PUERTAS/GOMA =P00053,1980,1980,80,B,105,61,129,60
1000,TOYOTA LAND CRUISER VAGONETA 4 PUERTAS /GOMA,1978,1978,78,A,134,50,143,48
1000,TOYOTA EXIV AUTO 4 PUERTAS /PEGADO,1992,1980,92,A/B,,,,
1000,"TOYOTA CELICA SUPRA 2 PUERTAS, AUTO CARINA /PEGADO",1988,1980,88,A/A/B,113,74,142,74
1000,TOYOTA LAND CRUISER JEEP VAGONETA /GOMA,1992,1980,92,B/A/B,127,60,142,64/69
1000,TOYOTA COROLLA 2 PUERTAS 80 /GOMA,1980,1980,80,B,108,67,141,
1000,TOYOTA CORONA/CARINA AUTO 4 PUERTAS/PEGADO,1992,1980,92,A,110,85,144,77
1000,TOYOTA CALDINA VAGONETA GR /PEGADO,1992,1980,92,A,112,83.5,144,78
1000,"TOYOTA CELICA AUTO 2 PUERTAS, Y CORONA EXIV- 4PUERTAS /PEGADO",1990,1980,90,B,103,77.5,141,
1000,"TOYOTA CELICA 2 PUERTAS, AUTO PASEO-SYNOS/PEGADO",1992,1994,92-94,B,113,78,142,
1000,TOYOTA COROLLA TRUENO LEVIN  AUTO 2 PUERTAS/PEGDO,1989,1991,89-91,B,106,82,146,78
1000,TOYOTA LITEACE MINIBUS MOD. F /PEGADO =P00091,1990,1980,90,A/B,116,85,139,82
1000,"TOYOTA HILUX CAMIONETA 2 PUERTAS, P/REDONDA/GOMA",1976,1980,76,A/A/B/A,122,57.5,143,55
1000,TOYOTA COROLLA CALDINA AUTO 4 PUERTAS/PEGADO,1998,1999,98-99,A,109,80,143,76
1000,TOYOTA COROLLA 76  AUTO 2 PUERTAS/PEGADO,1976,1980,76,,,,,
1000,TOYOTA TUNDRA CAMIONETA/PEGADO,2000,1980,2000,,130,70,158,67
1000,TOYOTA STARLET-SOLEIL 4Y 2 PUERTAS AUTO/PEGADO,1990,1992,90-92,A/B,106,75,138.5,
1000,TOYOTA LITEACE MINIBUS /PEGADO /GOMA =P00085,1992,1980,92,A,116,85,139,82
1000,"TOYOTA CROWN 88, VAGONETA 4 PUERTAS GRANDE, P/REDONDA ABAJO AL COSTADO",1988,1980,88,A/A/B,119,80,149,
1000,"TOYOTA CAMRY AUTO 4 PUERTAS, P/ESQ. /PEGADO",1992,1980,92,A,112,81.5,146,75.5
1000,"TOYOTA HILUX CAMIONETA 2 PUERTAS, P/ESQ./GOMA",1970,1980,70,,123,56.5,142,51.5
1000,TOYOTA LAND CRUISER-TURBO VAGONETA 4 PUERTAS/PEGADO,1998,1980,98,A,135,74,160,73.5
1000,TOYOTA CAMRY AUTO 4 PUERTAS /PEGADO,1991,1980,91,A,110,83.5,142,78
1000,TOYOTA AUTO MR II 2 PUERTAS/PEGADO,1992,1980,92,A,112,76.5,155,65
1000,"TOYOTA STARLET AUTO 4 PUERTAS Y 2 PUERTAS P/REDONDA, CORTE AL MEDIO ABAJO/PEGADO",1998,1980,98,B,105,79,140.5,74
1000,TOYOTA LEVIN AUTO 2 PUERTAS P/ESQ./PEGADO,1991,1992,91-92,,109,79,145,76
1000,TOYOTA CELICA AUTO 2 PUERTAS P/REDONDA/PEGADO,1995,1997,95-97,B,108,79.5,140,73
1000,TOYOTA MARK II  CERES AUTO 4 PUERTAS P/REDONDA/PEGADO,1992,1980,92,,,,,
1000,TOYOTA CARINA AUTO 4 PUERTAS P/REDONDA/PEGADO,1993,1980,93,A,107,85,141,76
1000,TOYOTA LAND CRUISER CAMIONETA/GOMA,1999,2000,99-2000,,127,61,142,
1000,"TOYOTA YARIS AUTO, TOYOTA PLATZ, 4 PUERTAS P/ESQ. ",2000,1980,2000,B,106.5,85,135,79
1000,TOYOTA VISTA AUTO 4PUERTAS ALETA IZQUIERDA/PEGADO,1992,1980,92,B,108,82,145,76/79
1000,TOYOTA CROWN AUTO 4 PUERTAS/PEGADO,1997,1980,97,,,,,
1000,"TOYOTA MARINO AUTO 4 PUERTAS, P/REDONDA/PEGADO.",1993,1995,93-95,B,103,80,147,74
1000,TOYOTA PREVIA FURGONETA LAMINADO/PEGADO,1991,1992,91-92,B,116/133,101/102,155/167,95chico
1000,"TOYOTA CAMRY AUTO X2E Y VAGONETA USA 4 PUERTAS, P/ESQ. /PEGADO",1994,1980,94,A,118,76.5,148,73
1000,TOYOTA CRESSIDA AUTO 4 PUERTAS/PEGADO,1995,1980,95,,,,,
1000,"TOYOTA HIACE MINIBUS, P/REDONDA/PEGADO",1900,1980,,A/B,134,78.5,148,
1000,"TOYOTA HIACE MINIBUS, P/REDONDA/PEGADO",1900,1980,,A/B,,,,
1000,TOYOTA RAV ADVANTAGE JEEP VAGONETA P/ESQ. /PEGADO,2001,1980,2001,B,120,82,150,74.5
1000,TOYOTA DYNA CAMIONETA 4000 P/REDONDA/GOMA,2003,1980,2003,A,170,76.5,182,67
1000,TOYOTA LAND CRUISER PRADOP/ESQ./PEGADO,2004,1980,2004,A,127,75.5,144.5,75.5
1000,TOYOTA COROLLA 4 PUERTAS P/ESQ./PEGADO,2004,1980,2004,A,110,88.5,140,86
1000,TOYOTA RUNNER VAGONETA P/ESQ./PEGADO,2004,1980,2004,B,124.5,73,151.5,73
1000,TOYOTA TUNDRA VAGONETA P/ESQ./PEGADO,2004,1980,2004,B,135,74.5,160,72
1000,"TOYOTA CELICAC SPIDER AUTO 2 PUERTAS, P/ESQ./PEGADO",2002,1980,2002,B,108,91.5,142,76
1000,"TOYOTA CAMRY AUTO Y VAG. QUALIS, 4 PUERTAS P/REDONDA/PEGADO ",2001,1980,2001,B/A,116,80,151,
1000,"TOYOTA HIGHLANDER VAGONETA 4 PUERTAS, P/ESQ./PEGADO",1999,1980,1999,A/B,124,80,154,76
1000,"TOYOTA HILUX CAMIONETA Y TOYOTA FORTUNER VAGONETA 4 PUERTAS, P/REDONDA/PEGADO",2005,1980,2005,A,120,76.5,147,75.5
1000,TOYOTA AVALON AUTO 4 PUERTAS/PEGADO,2002,1980,2002,A,121,79.5,153,76
1000,"TOYOTA SPACIO COROLLA AUTO 4 PUERTAS, P/ESQ.",1998,1980,1998,A,113,93,140,89
1000,"TOYOTA IPSUM VAGONETA 4 PUERTAS, P/REDONDA/PEGADO",1998,1980,1998,,115,93,147,82
1000,"TOYOTA MATRIX VAGONETA 4 PUERTAS Y 2 PUERTAS, P/ESQ./PEGADO",2003,1980,2003,B,112.5,88.5,140,80
1000,"TOYOTA TACOMA CAMIONETA 4 PUERTAS Y 2 PUERTAS, P/ESQ./PEGADO",2005,1980,2005,A,124.5,72.5,150,
1000,TOYOTA CALDINA VAGONETA 4 PUERTAS/PEGADO,1998,1980,1998,A,110,83.5,147.5,78
1000,TOYOTA SIENNA FURGONETA P/RED/PEGADO,1999,1980,1999,A,125,99,160,90
1000,"TOYOTA LITEACE-NOAH MINIBUS, P/RED/PEGADO",1997,1980,1997,B/A,123,96,150,88
1000,"TOYOTA YARIS AUTO, 4 PUERTAS Y 2PUERTAS P/ESQ./PEGADO ",2005,1980,2005,B/A,110,88.5,134.5,86
1000,TOYOTA LAND CRUISER JEEP FJ/PEGADO,2007,1980,2007,B,134.5,49.5,162,49
1000,"TOYOTA RAUM VAGONETA 4 PUERTAS, P/RED/PEGADO",1998,1980,1998,A,114,85.5,145,79
1000,"TOYOTA RAV 4 JEEP Y VAGONETA,  P/ESQ.",2007,1980,2007,B/B/A,120,86,142,76
1000,TOYOTA REGIUS MINIBUS P/RED/PEGADO,1997,1998,97-98,,127,94.5,143/7,85
1000,TOYOTA NADIA VAGONETA 4 PUERTAS P/ESQ./PEGADO ,2000,1980,2000,A,116,99,143,92
1000,TOYOTA GAIA VAGONETA 4 PUERTAS P/ESQ. ,1999,1980,1999,B,117.5,95.5,143.5,84.5
1000,"TOYOTA TUNDRA CAMIONETA 2 PUERTAS 4PUERTAS, Y TOYOTA SEQUOIA VAGONETA 4 PUERTAS, P/ESQ./PEGADO",2007,2008,2007-2008,B,141,86.5,168,82.5
1000,TOYOTA SOLARA AUTO-2 PUERTAS P/ESQ./PEGADO,2004,1980,2004,A,118.5,87.5,153,80
1000,TOYOTA DYNA 2 PUERTAS  CHICO CAMIONETA /GOMA,2005,1980,2005,A/A/B,136,74.5,153,
1000,TOYOTA GRAN VIA MINIBUS P/RED/PEGADO,1998,2000,98-2000,A,138,95,156,86
1000,TOYOTA SYNOS AUTO 2 PUERTAS P/RED/PEGADO,1996,1980,1996,A/B,112,80,144,74
1000,TOYOTA COROLLA MR-2 SPIDER AUTO 2 PUERTAS,2001,1980,2001,A,114,81,144,58
1000,TOYOTA SIENNA FURGON P/RED,2005,1980,2005,B,138,102/108,165,89
1000,TOYOTA FUNCARGO VAGONETA 4 PUERTAS P/REDONDA,1999,1980,1999,B,117,85.5,135,77
1000,TOYOTA PROBOX VAGONETA 4PUERTAS P/REDONDA,2004,1980,2004,B,120,71.5,140,66.5
1000,TOYOTA VOXY-FURGON MINIBUS P/ESQ. /PEGADO,2004,1980,2004,B,122,105,143,96
1000,TOYOTA PRIUS-HYBRID AUTO 4 PUERTAS P/RED.,1998,1980,1998,A,116,94,141,82
1000,TOYOTA SCION AUTO 4 PUERTAS P/ESQ. /PEGADO,2005,1980,2005,,108,86.5,129,83
1000,TOYOTA OPA VAGONETA 4 PUERTAS P/ESQ. ALETA IZQ.,2004,1980,2004,B,124,98,143.5,93.5
1000,TOYOTA NOAH MINIBUS P/ESQ.,2004,1980,2004,B,122,106,143,96
1000,TOYOTA FILDER VAGONETA 4 PUERTAS P/ESQ.,2004,1980,2004,A,110,88.5,140,86
1000,TOYOTA RUNNER VAGONETA 4 PUERTAS P/ESQ. /PEGADO,2010,1980,2010,B,124.5,68,151,65.5
1000,TOYOTA VITZ AUTO 4 PUERTAS P/ESQ. /PEGADO,2006,1980,2006,A,110,88,134,86
1000,TOYOTA PASSO-BOON AUTO 4 PUERTAS P/ESQ.,2004,1980,2004,,116,83,131,79
1000,TOYOTA AVENSIS  VAGONETA 4 PUERTAS P/ESQ.,2004,1980,2004,A,114,89,142,84
1000,TOYOTA VISTA ARDEO VAGONETA 4 PUERTAS P/ESQ.,1998,1999,98-99,A/B,114,91,144,
1000,TOYOTA COROLLA AUTO 4 PUERTAS P/ESQ.,2010,1980,2010,A,114.5,90,142,
1000,TOYOTA ALLION  AUTO 4 PUERTAS  P/ESQ.,2004,2006,2004-2006,A,110,90,142,87
1000,TOYOTA CARINA CORONA ED Y AUTO 4 PUERTAS P/RED.,1999,1996,99-96,A/B,106,79.5,140,73
1000,TOYOTA CORONA PREMIUM AUTO 4PUERTAS P/RED.,1996,1998,96-98,A,108/118,78.5,147,75/73
1000,NISSAN CIVILAN MICROBUS/GOMA,1985,1994,85-94,,177,87.5,193,
2000,NISSAN VANETTE MINIBUS MEXICO/GOMA,1985,1991,85-91,A,123,79,147,
2000,NISSAN URVAN MINIBUS CARAVAN/GOMA,1980,1983,80-83,,132,69.5,154,
2000,NISSAN URVAN MINIBUS CARAVAN/GOMA,1985,1991,85-91,,126,82.5,154,79
2000,NISSAN URVAN MINIBUS CARAVAN/PEGADO,1985,1991,85-91,,127,83.5,155,79
2000,NISSAN SUNNY CALIFORNIA VAG. /GOMA,1987,1980,87,,107,72.5,145,
2000,NISSAN PICK-UP 1.500 - 1660 CAMIONETA /GOMA,1982,1987,82-87,B,115,63,139,60
2000,NISSAN CAMIONETA CABINA DOBLE-SENCILLA /PEGADO,1987,1995,87-95,,123,70.5,148.5,67
2000,NISSAN PATROL JEEP VAGONETA 4X4 /GOMA,1985,1992,85-92,B,126,59,144,
2000,NISSAN  PATROL JEEP PLANO (LAMINADO) /GOMA,1980,1980,80,B,141,38.5,141,38
2000,NISSAN SUNNY VAGONETA /GOMA,1996,1980,96,A,109,72,139,67.5
2000,NISSAN SUNNY AUTO 16600 /PEGADO,1987,1992,87-92,A,107,72.5,145,
2000,NISSAN SUNNY MEXICANNO 1500 P/REDONDA /GOMA,1978,1990,78-90,A,107,69,138,
2000,NISSAN DATSUN 160J 4 PUERTAS/PEGADO,1978,1980,78-80,,117,64,143,
2000,NISSAN PATROL JEEP VAGONETA /PEGADO,1997,1998,97-98,,130,63,158,59
2000,NISSAN SENTRA EX SALOON SUNNY/PEGADO,1990,1993,90-93,,108,78,142,77
2000,"NISSAN DATSUN 76-1200,AUTO 4 PUERTAS/GOMA",1976,1980,76-80,A,110,58,138.5,57
2000,NISSAN DATSUN MINI CAMIONETA/GOMA,1976,1984,76-84,A,112.5,52.5,133,51
2000,"NISSAN DATSUN 1200 AUTO HUEVO 4 PUERTAS, P/RED./GOMA",1976,1976,76,A,104,55.5,127,52
2000,NISSAN SUNNY VAGONETA 4 PUERTAS P/REDONDA/PEGADO,1991,1991,91,,116,84.5,142,76
2000,NISSAN DATSUN CAMIONETA 1300 /GOMA,1975,1978,75-78,B,121,56.5,141,
2000,NISSAN CIVILAN MICROBUS/GOMA,1977,1982,77-82,B,,,,
2000,NISSAN BLUEBIRD (CHICO)/PEGADO,1985,185,85,,,,,
2000,NISSAN TERRANO II VAGONETA 4 PUERTAS Y 2 PUERTAS/PEGADO,1995,1985,95,A/B,119,79.5,147,74
2000,NISSAN DATSUN 2 PUERTAS AUTO,1980,1985,80,,,,,
2000,NISSAN PULSAR AUTO 4 PUERTAS,1985,1985,85,B,101,79,139,
2000,NISSAN BLUEBIRD AUTO 4 PUERTAS/PEGADO,1980,1983,80-83,A,111,69.5,140,67
2000,"NISSAN SILVA S-X 200, AUTO 2 PUERTAS P/ESQ./PEGADO",1985,1980,85,,106,75,139,72
2000,NISSAN DATSUN VAGONETA,1978,1980,78-80,,,,,
2000,NISSAN VANETTE MINIBUS P/ESQ./GOMA,85/92,1994,85/92-94,A,111,81,139,78
2000,NISSAN JUNIOR CAMIONETA/GOMA,1976,1976,76,A,128,45,143,56
2000,NISSAN AUTO 2 PUERTAS DPT.,1987,1987,87,,,,,
2000,NISSAN PULSAR AUTO 2 PUERTAS P/RED./PEGADO,1986,1986,86,B,112,77.5,147,76
2000,NISSAN 300 ZX 2 PUERTAS,1985,1985,85,A,,,,
2000,NISSAN LAUREL ALTIMA 4 PUERTAS P/ESQ. CORTE AL MEDIO Y AL COSTADO/PEGADO,1989,1989,89,B,109,85.5,140,82
2000,NISSAN DATSUN 1600 AUTO 2 PUERTAS ,1980,1980,80,,,,,
2000,NISSAN STANZA VAG. 4 PUERTAS P/RED./PEGADO,1985,1988,85-88,A,112,75.5,146,72
2000,NISSAN LAUREL 4 PUERTAS AUTO CORTE AL COSTADO ABAJO/PEGADO,1985,1985,85,A,115,78,149,78
2000,NISSAN BLUEBIRD (GRANDE) CHICO/PEGADO,1988,1988,88,,112,76,144,CHICO
2000,NISSAN CARAVAN HOMY MINIBUS/GOMA,1980,1980,80,,,,,
2000,NISSAN LIBERTY VILLA AUTO 4 PUERTAS,1982,1982,82,,,,,
2000,NISSAN CEDRIC AUTO 4PUERTAS CORTE AL MEDIO,1991,2001,91/2001,B,113,84,152,
2000,NISSAN STANZA AUTO 4 PUERTAS/PEGADO,1983,1985,83-85,B,112,74.5,144,
2000,NISSAN PULSAR 2 PUERTAS P/ESQ.CORTE AL COSTADO ABAJO/PEGADO,1991,1992,91-92,B,105,,,
2000,NISSAN ATLAS 2000 CAMIONETA (CHICO)/GOMA ,1986,1986,86,A,133.5,68,154,
2000,NISSAN SKILINE VAGONETA 4 PUERTAS P/RED./PEGADO,1985,1988,85-88,A,,,,
2000,NISSAN DIESEL JICHI CONDOR CAMI�N (GRANDE)/GOMA,1989,1994,89-94,,203,82.5,216,77
2000,NISSAN CAMI�N CURVO/GOMA,1975,1975,75,,,,,
2000,NISSAN CHERRY MINIBUS (CHICO) JAPONES/GOMA,1984,1984,84,A/B,117,73.5,140,
2000,NISSAN CHERRY AUTO 4 PUERTAS (CHICO)/GOMA,1985,1985,85,,,,,
2000,NISSAN LIBERTY VILLA AUTO 4 PUERTAS,1988,1980,88,,104,80,140,
2000,NISSAN DIESEL CAMION /GOMA,1978,1980,78-80,A,193,68.5,207,65
2000,NISSAN VANETTE MINIBUS JAPONES/GOMA,1987,1990,87-90,,119,83,148,80
2000,,1900,1990,,,111,81,139,78
2000,NISSAN DATSUN 1200 AUTO 2 PUERTAS,1976,1976,76,,,,,
2000,NISSAN DATSUN TURBO AUTO 2 PUERTAS,1983,1983,83,,,,,
2000,NISSAN JUNIOR CAMIONETA/GOMA,1985,1985,85,A,131,57,147,56
2000,"NISSAN LIBERTY VILLA 4 PUERTAS, P/REDONDA ARRIBA Y ABAJO/PEGADO",1985,1985,85,B,102.5,80.5,140,77
2000,NISSAN BLUEBIRD AUTO 2 PUERTAS,1987,1987,87,,,,,
2000,NISSAN PULSAR MI-D AUTO 4 PUERTAS/PEGADO,1992,1994,92-94,A,102,80,140,
2000,NISSAN SKILINE AUTO 4 PUERTAS ,1985,1985,85,,,,,
2000,NISSAN PRESEA AUTO 4 PUERTAS P/RED./PEGADO,1990,1990,90,,110,77,153,70
2000,NISSAN SENTRA AUTO 4 PUERTAS P/ESQ./PEGADO,1994,1996,94-96,A,109.5,81.5,141,77
2000,NISSAN CONDOR V-D 180 CAMI�N (CHICO)/GOMA,1989,1989,89,,180,84,194,
2000,NISSAN ATLAS 350 CAMIONETA P/RED./GOMA,1990,1990,90,A,163,68,185,
2000,"NISSAN 200 SX, 2400 SX SILVA AUTO P/ESQ./PEGADO",1991,1991,91,B,110,78,146,75
2000,NISSAN PATHFINDER SE VAGONETA 4 PUERTAS P/ESQ. /PEGADO,1998,1998,98,B,119,75,135,71
2000,NISSAN PULSAR EXA AUTO 2 PUERTAS P/RED./PEGADO,1989,1989,89,A,110,77.5,146,73
2000,NISSAN ATLAS 150 CAMIONETA CURVO P/RED./GOMA,1995,1995,95,B/A,142,76.5,148,75
2000,NISSAN BLUEBIRD (USA) AUTO 4 PUERTAS (CHICO)/P ESQ./PEGADO,1987,1987,87,B,113,83.5,149,
2000,NISSAN AVENIR VAGONETA 4 PUERTAS/PEGADO,1992,1992,92,A,117.5,98,144,
2000,NISSAN PRAIRIE JOY L VAGONETA 4 PUERTAS,1994,1998,94/98,A,114,98,144,
2000,NISSAN AXXESS VAGONETA FURGON 4 PUERTAS SOLO /PEGADO,1992,1992,92,A,114,87.5,144,78
2000,NISSAN SENTRA AUTO 4 PUERTAS P/RED./PEGADO,1997,1997,97,,108,78,134,72
2000,NISSAN MARCH AUTO 2 PUERTAS P/RED./PEGADO,1996,1996,96,A,101,86.5,147,77
2000,NISSAN ALTIMA AUTO  P/ESQ./PEGADO,1994,2000,94/2000,A,118,81,143,77
2000,NISSAN PRIMERA AUTO 4 PUERTAS /PEGADO,1992,1992,92,B,111.5,,,
2000,NISSAN DIESEL CAMION GRANDE/GOMA,1998,1998,98,,,80,220,
2000,NISSAN DIESEL CAMION CHICO- GRANDE/GOMA,1998,1998,98,,180.5,82.4,195.6,87
2000,,1900,1900,,,190,81,212,
2000,NISSAN NIBOL T 50-4L CAMIONCITO,1998,1998,98,B,170,"72-71,5",182,68
2000,NISSAN BLUEBIRD AUTO 4 PUERTAS P/RED./PEGADO,1990,1991,90-91,B,110,86.5,152,80
2000,NISSAN DATSUN 1200 SX AUTO 2 PUERTAS,1980,1980,80,,,,,
2000,NISSAN BLUEBIRD AUTO 4 PUERTAS P/ESQ.,1900,1990,,,,,,
2000,NISSAN MOPAR PSQ-ARR MICRO CARROCER�A/GOMA,1990,1990,90,,,,,
2000,NISSAN 300 ZX AUTO 2 PUERTAS P /ESQ./PEGADO,1992,1992,92,B,113,79.5,150,76
2000,NISSAN COUPE NX AUTO  2 PUERTAS P/RED./PEGADO,1990,90,90,A,110.5,77.5,139,71
2000,NISSAN QUEST XE FURGONETA 4 PUERTAS/PEGADO,1994,94,94,B,113,91,162.5,79.5
2000,NISSAN SILVA SX 2 PUERTAS P/RED./PEGADO,1990,90,90,A,111,80.5,146.5,72
2000,NISSAN MARCH AUTO 4 PUERTAS P/RED./GOMA,1986,86,86,,100.5,69.5,132,66
2000,NISSAN BLUEBIRD EEX AUTO 4 PUERTAS (CHICO) P/RED./PEGADO,1995,95,95,A,114,87,147,84
2000,,1900,,,,113,86.5,145,83.5
2000,NISSAN SERENA EVR VAGONETA 4 PUERTAS P/ESQ./PEGADO,1991,91,91,A,122,90,160,82.5
2000,NISSAN MAXIMA AUTO 4 PUERTAS P/RED./PEGADO,1991,1991,91,A,117,83,154,80
2000,NISSAN X TRAIL VAGONETA P/ESQ./PEGADO,2000,2000,2000,,124,90,145,82
2000,NISSAN MURANO VAGONETA P/ESQ./PEGADO,2003,2004,2003-2004,B,131.5,105,158,92.5
2000,NISSAN URVAN MINIBUS P/RED./PEGADO,2004,2004,2004,A,135,77.5,150.5,70
2000,NISSAN TITAN CAMIONETA P/RED./PEGADO (CHICO VAG. ARMADA),2004,2004,2004,A/B,141,86.5,165,83
2000,NISSAN ALTIMA AUTO  P/ESQ./PEGADO,2002,2002,2002,A/B,,,,
2000,NISSAN ATLAS CAMIONETA P/RED./PEGADO,2000,2000,2000,A,137,79.5,154,75
2000,NISSAN MAXIMA 4 PUERTAS /PEGADO (MEDIO REDONDO),1996,1996,1996,A,120,86,154,82
2000,NISSAN PATHFINDER XTERRA VAGONETA 4 PUERTAS P/RED. /PEGADO (FRONTIER CAMIONETA),2005,2005,2005,,122,82.5,154,80
2000,NISSAN PULSAR LUCINO AUTO Y NISSAN CALIFORNIA VAGONETA P/RED/PEGADO,1996,1996,1996,,110,82.5,142,78
2000,NISSAN SKILINE AUTO 2 PUERTAS P/RED./PEGADO ,1994,1995,1994-1995,A,114,79.5,145,69
2000,NISSAN QUEST FURGONETA P/ESQ./PEGADO,2005,2005,2005,,138,105,170,100
2000,NISSAN RNESSA 4 PUERTAS P/ESQ./PEGADO,1997,1997,1997,B,117,85.5,149,83.5
2000,NISSAN WINGROAD VAGONETA 4 PUERTAS P/ESQ./PEGADO (NISSAN AVENIR ),2002,2002,2002,A/B,110,89.5,145,81
2000,NISSAN LARGO MINIBUS FURGON CORTE ABAJO AL MEDIO. P/ESQ./PEGADO,2002,2002,2002,A,122,94,164,82
2000,NISSAN PRIMERA AUTO 4 PUERTAS /PEGADO (VAGONETA),1996,1998,1996-1998,A,112,80,143.5,77
2000,NISSAN PRESEA AUTO 4 PUERTAS /PEGADO,1995,1995,1995,,113,81.5,150,75
2000,NISSAN BLUEBIRD AUTO 4 PUERTAS  /PEGADO,1996,1996,1996,A,112,80,143.5,77
2000,NISSAN RASHEEN VAGONETA 4 PUERTAS P/ESQ./PEGADO,1995,1995,1995,A,127,63,151,58.5
2000,NISSAN ELGRAND MINIBUS P/ESQ.,1999,1999,1999,,131,93.5,150,86.5
2000,NISSAN LIBERTY VAGONETA 4 PUERTAS P/ESQ./PEGADO,1999,1999,1999,,,,,
2000,NISSAN SENTRA AUTO 4 PUERTAS  P/ESQ./P/RED.,2008,2008,2008,A,121,96,146,86
2000,NISSAN MARCH AUTO 4 PUERTAS P/RED./GOMA,2004,2004,2004,A,110,84,130,76
2000,NISSAN PRESAGE VAGONETA 4 PUERTAS,1998,1998,1998,,,,,
2000,NISSAN TIIDA AUTO COLA CHUTO /PEGADO,2005,2005,2005,A,118,91,133,86-85
2000,NISSAN VANETTE MINIBUS Y CAMIONETA P/RED./GOMA,1999,1999,1999,B,123,70,144,67
2000,NISSAN MURANO VAGONETA 4 PUERTAS P/ESQ.,2009,2009,2009,B,129,102,136/147,98
2000,NISSAN SERENA MINIBUS 4 PUERTAS P/ESQ./PEGADO,2001,2003,2001-2003,A,125,94,141,90
2000,NISSAN SERENA MINIBUS 4 PUERTAS P/ESQ.,2009,1980,2009,,130,103,142,
2000,NISSAN ROGUE VAGONETA 4 PUERTAS P/ESQ.,2005,2008,2005-2008,,120,99.5,139,
2000,NISSAN VANETTE MINIBUS P/RED./PEGADO,2004,2004,2004,,121,74.5,143,
3000,MITSUBISHI MONTERO JEEP O VAGONETA/GOMA,1985,1991,85-91,B,119,58.5,140,58.5
3000,MITSUBISHI MONTERO JEEP VAGONETA PAJERO/PEGADO,1991,1997,91-97,A,125.5,64.5,148,62.5
3000,MITSUBISHI L-200  CAMIONETA DOBLE CABINA 4X4 Y SENCILLA 4X2/PEGADO,1988,1996,88-96,A,115,63.5,143,62
3000,MITSUBISHI MINIBUS P/RED/GOMA,1982,1987,82-87,A,125,60,147.5,59.5
3000,MITSUBISHI  DELICA L-300 MINIBUS/GOMA,1987,1995,87-95,B/A,125,69,146,69
3000,MITSUBISHI TREDIA AUTO P/RED./PEGADO,1985,1985,85,A,104,68,138,64.5
3000,MITSUBISHI LANCER MMC 4 PUERTAS  Y 2 PUERTAS /PEGADO,1985,1985,85,B,100,76,140,73
3000,MITSUBISHI GALANT MMC GRANDE,1985,1985,85,B,111,76,150,
3000,MITSUBISHI LANCER AUTO 4 PUERTAS  Y MITSUBISHI 2 PUERTAS P/ESQ./PEGADO,1989,1991,89-91,B,112,78.5,147,78
3000,MITSUBISHI LANCER AUTO 4 PUERTAS P/RED./PEGADO,1980,1980,80,A,104,67,136,66.5
3000,MITSUBISHI ROSA MICROBUS/GOMA,1990,1992,90-92,B,169,91,185.5,88
3000,MITSUBISHI COLT VISTA VAGONETA Y MITSUBISHI CHARRIOT /2Y 4 PUERTAS /PEGADO,1988,1988,88,B,110,77,138,
3000,MITSUBISHI OUTLANDER VAGONETA P/ESQ./PEGADO,2003,2003,2003,A,118,85,138,79
3000,MITSUBISHI DEPORTIVO AUTO 2 PUERTAS,1980,1980,80,,,,,
3000,MITSUBISHI LANCER VAGONETA Y AUTO 4 PUERTAS /PEGADO,1992,1993,92-93,A,109,81,146,75
3000,MITSUBISHI GALANT AUTO Y VAGONETA 4 PUERTAS,1980,1980,80,B,110,66,139.5,64
3000,MITSUBISHI CANTER CAMIONETA 4 PUERTAS/GOMA,1985,1985,85,A,137,69,150,66
3000,MITSUBISHI CANTER CAMIONETA  (HIUNDAY) P/RED./GOMA,1990,1990,90,B,165,73,180.5,
3000,MITSUBISHI  L200 CAMIONETA 2 PUERTAS /GOMA,1980,1984,80-84,B,,,,
3000,MITSUBISHI AUTO 2 PUERTAS (CBBA),1988,1988,88,,,,,
3000,MITSUBISHI GALANT VAGONETA 4 PUERTAS P/RED.,1980,1980,80,A,107,64.5,137,60
3000,MITSUBISHI GALANT AUTO 4 PUERTAS /PEGADO,1990,1990,90,A,110,78,146,GRANDE
3000,MITSUBISHI ETERNA AUTO 4 PUERTAS /PEGADO,1900,1990,,B,113,75,146,CHICO
3000,MITSUBISHI ROSA MICROBUS/GOMA,1980,1980,80,A,176.5,85.5,196,
3000,MITSUBISHI ECLIPSE AUTO 2 PUERTAS /PEGADO,1988,1991,88-91,A,114,78.5,150.5,
3000,MITSUBISHI CANTER 3600 CAMIONETA 2 PUERTAS CORTE A LOS COSTADOS DE LA BASE/GOMA,1995,1996,95-96,A,166,75,178,68
3000,MITSUBISHI GALANT AUTO 4 PUERTAS CORTE A LOS COSTADOS DE LA BASEP/RED./PEGADO,1993,1995,93-95,B,114,84,150,75
3000,MITSUBISHI COLT AUTO,1981,1981,81,,,,,
3000,MITSUBISHI SPACE VAGONETA 4 PUERTAS /RED./PEGADO,1993,1993,93,B,118.5,86.5,146,81
3000,MITSUBISHI MINIKA AUTO 2 PUERTAS /RED./PEGADO,1991,1991,91,B,96,79,123,73.5
3000,MITSUBISHI PAJERO JEEP MINI P/ESQ./PEGADO,1996,1996,96,A,101,62.5,121,62.5
3000,MITSUBISHI EXPO LRV VAGONETA 4 PUERTAS,1991,1991,91,,120,87,147,
3000,MITSUBISHI FUSO CAMI�N CORTE ARRIBA/GOMA,1987,1987,87,,207.5,79.5,214,76
3000,MITSUBISHI LANSER AUTO 4 PUERTAS P/ESQ./PEGADO,1996,1996,96,B,111,86,147,78
3000,MITSUBISHI SAPPORO AUTO 4 PUERTAS,1983,1983,83,,109.5,68.5,138.5,64.5
3000,MITSUBISHI WOGON GT 300 FURGONETA 3 PUERTAS,1993,1993,93,,,,,
3000,MITSUBISHI MIRACLE P/ESQ./PEGADO,1990,1990,90,B,111,79,147,
3000,MITSUBISHI MIRAGE Y MITSUBISHI DELICA FURGON/PEGADO,1995,1995,95,B,125,101,151,91
3000,MITSUBISHI COLT   VAGONETA 4PUERTAS Y AUTO 2 PUERTAS,1993,1993,93,A,110,82.5,146,
3000,MITSUBISHI FUSO CAMI�N CORTE ARRIBA/GOMA,1985,1985,85,B,175,79,182.5,
3000,MITSUBISHI MONTERO SPORT VAGONETA /PEGADO,1998,1998,98,,120,69,147,
3000,MITSUBISHI ETERNA Y MITSUBISHI SAVAT AUTO 4 PUERTAS /PEGADO,1991,1991,91,,,,,
3000,MITSUBISHI L200 4 PUERTAS CAMIONETA/PEGADO,1998,1998,98,,120,69,147,62
3000,MITSUBISHI ESPACE GERAR GLX FURGONETA/PEGADO,1995,1996,95-96,,125,101,151,91
3000,,1900,1980,,,,,,
3000,MITSUBISHI ECLIPSE AUTO 2 PUERTAS P/RED./PEGADO,1997,1998,97-98,,112,83.5,150,77
3000,MITSUBISHI FUSO CAMI�NCITO,1980,1983,80-83,,,,,
3000,MITSUBISHI 3000 GT AUTO 2 PUERTAS P/ESQ./PEGADO,1995,1995,95,A,117,82,150,75
3000,MITSUBISHI MONTERO IO JEEP Y VAGONETA P/ESQ./PEGADO,2000,2000,2000,B,116,62.5,140,61
3000,MITSUBISHI MONTERO PAJERO JEEP Y VAGONETA  P/ESQ./PEGADO,2001,2001,2001,B,125,76.5,150,73
3000,MITSUBISHI SATURN AUTO 4 PUERTAS P/ESQ./PEGADO,1995,1995,95,B,117,88.5,1153,80
3000,MITSUBISHI LANCER EVOLUTION  P/ESQ./PEGADO,2002,2003,2002-2003,B,115,89,147,82.5
3000,MITSUBISHI GALANT AUTO Y MITSUBISHI LEGNUM P/ESQ./PEGADO,2004,2004,2004,B,112,88,144,83
3000,MITSUBISHI ECLIPSE AUTO 2 PUERTAS P/RED./PEGADO,2004,2004,2004,A,116,88,153,81
3000,MITSUBISHI ENDEAVOR VAGONETA P/ESQ.,2005,2005,2005,A,132,90,160,90
3000,MITSUBISHI GALANT AUTO 4 PUERTAS  P/ESQ.,2004,2007,2004-2007,B,123,91.5,154,
3000,MITSUBISHI CHARIOT VAGONETA 4 PUERTAS  P/ESQ./PEGADO,1998,1998,1998,B,121,98,145,88
3000,MITSUBISHI CANTER CAMIONCITO (CHICO),1996,1996,1996,,140,71,150/155,65.5
3000,MITSUBISHI FTO AUTO 2 PUERTAS P/RED./PEGADO,1996,1996,1996,B,112,84,159,65
3000,MITSUBISHI ECLIPSE AUTO 2 PUERTAS P/ESQ./PEGADO,2005,2005,2005,B,122,84,151,80
3000,MITSUBISHI DIAMANTE AUTO 4 PUERTAS P/ESQ./PEGADO,2000,2000,2000,,110,88,148,74
3000,MITSUBISHI RVR 3 PUERTAS ALETA IZQ. P/ESQ./PEGADO,1998,1998,1998,,121.5,97,144.5,88.5
3000,MITSUBISHI TRITON CAMIONETA 4 PUERTAS P/ESQ./PEGADO,2007,2007,2007,A,119,78,145,77
3000,MITSUBISHI FUSO FIGHTER CAMI�N CORTE ARRIBA/GOMA,1997,1997,1997,,176,85.5,192.5,82
3000,MITSUBISHI LANCER AUTO 4 PUERTA,2008,2008,2008,,,,,
3000,MITSUBISHI FUSO ROSA MICRO BUS,2016,2016,2016,,,,,
